HB-tv_periodica_2;Saturn
HB-tv_periodica_5;Blätter zur Pflege persönlichen Lebens
HB-tv_periodica_7;Linzer Sonntagsblatt
HB-tv_periodica_8;Deutsche Wochenschrift
HB-tv_periodica_9;Adalbert Stifter Institut des Landes Oberösterreich, Vierteljahresschrift
HB-tv_periodica_12;Kleine Österreichische Volks-Zeitung
HB-tv_periodica_17;Neuland
HB-tv_periodica_18;Neuland. Monatsschrift für Politik, Wissenschaft, Literatur und Kunst
HB-tv_periodica_21;Die Gleichheit
HB-tv_periodica_23;Monatshefte
HB-tv_periodica_28;Kyffhäuser-Zeitung. Wochenschrift für alle Hochschulen-Angehörige deutschen Stammes und deutscher Zunge
HB-tv_periodica_32;Breslauer Neueste Nachrichten
HB-tv_periodica_35;Salzburger Chronik
HB-tv_periodica_38;Die Quelle
HB-tv_periodica_39;Rigasche Rundschau
HB-tv_periodica_43;Maske und Kothurn
HB-tv_periodica_44;Blätter des Burgtheaters, Wien
HB-tv_periodica_46;Neues Abendland
HB-tv_periodica_47;Schönere Zukunft
HB-tv_periodica_49;Die Propyläen
HB-tv_periodica_50;Pariser Tageblatt
HB-tv_periodica_51;Der Querschnitt
HB-tv_periodica_53;Unbekannte Zeitung/Zeitschrift
HB-tv_periodica_54;Neue Badische Landes-Zeitung, Mannheim
HB-tv_periodica_55;Die Einkehr. Unterhaltungs-Beilage der »Münchner Neuesten Nachrichten«
HB-tv_periodica_56;Münchener Zeitung
HB-tv_periodica_57;Rheinisch-Westfälische Zeitung
HB-tv_periodica_59;Latinité. Revue du Pays d’Occident
HB-tv_periodica_60;Die literarische Welt. Unabhängiges Organ für das deutsche Schrifttum
HB-tv_periodica_61;Die Wahrheit. Unabhängiges Organ für öffentliche Fragen, Prag
HB-tv_periodica_62;Deutscher Theaterdienst
HB-tv_periodica_64;Golden Book Magazine
HB-tv_periodica_65;Der Diederichs Löwe
HB-tv_periodica_66;Kulisa
HB-tv_periodica_67;Schule und Elternhaus
HB-tv_periodica_68;Das Nationaltheater. Vierteljahresschrift des Bühnenvolksbundes
HB-tv_periodica_69;Index. Leták kulturní informace
HB-tv_periodica_71;Das Theater
HB-tv_periodica_72;Österreich-Deutschland (»Heim ins Reich«)
HB-tv_periodica_73;Wiener Sonn- und Montags-Zeitung
HB-tv_periodica_74;Kölnische Volkszeitung und Handelsblatt
HB-tv_periodica_75;Illustrierter Beobachter
HB-tv_periodica_76;Münchner Telegramm-Zeitung
HB-tv_periodica_77;Westermanns Monatshefte
HB-tv_periodica_79;Die Böttcherstraße. Internationale Zeitschrift
HB-tv_periodica_80;Süddeutsche Monatshefte
HB-tv_periodica_81;Seitenspiegel. Beiblatt der Neuen Preussischen Kreuz-Zeitung
HB-tv_periodica_82;Preußische Jahrbücher
HB-tv_periodica_83;Deutsches Philologen-Blatt. Korrespondenz-Blatt für den akademisch gebildeten Lehrerstand
HB-tv_periodica_84;Hamburgischer Correspondent
HB-tv_periodica_85;Bayerischer Kurier, München
HB-tv_periodica_86;Badischer Beobachter, Karlsruhe
HB-tv_periodica_87;Czernowitzer Allgemeine Zeitung
HB-tv_periodica_88;Jugendrotkreuz-Zeitschrift. Ich diene
HB-tv_periodica_89;Blätter des Stadttheaters Bonn
HB-tv_periodica_90;Der neuen Jugend. Literarische Zeitschrift
HB-tv_periodica_91;Der neue Ring
HB-tv_periodica_92;Das deutsche Buch. Monatsschrift für die Neuerscheinungen deutscher Verleger
HB-tv_periodica_93;Das Inselschiff. Eine Zeitschrift für die Freunde des Insel-Verlages
HB-tv_periodica_94;Hamburger Nachrichten
HB-tv_periodica_95;Die Scene. Blätter für Bühnenkunst
HB-tv_periodica_96;Königsberger Hartungsche Zeitung
HB-tv_periodica_97;Volk und Heimat. Bayerische Volksbildungszeitung
HB-tv_periodica_98;Künstler-Selbsthilfe
HB-tv_periodica_99;Der neue Weg. Zeitschrift für das deutsche Theater. Amtliches Organ der Genossenschaft der Deutschen Bühnenangehörigen
HB-tv_periodica_100;Magdeburgische Zeitung
HB-tv_periodica_101;C.-V.-Zeitung. Blätter für Deutschtum und Judentum
HB-tv_periodica_102;Dresdner Neueste Nachrichten
HB-tv_periodica_103;Luginsland verbunden mit Welt und Wissen. Beilage der »Nürnberger Zeitung«
HB-tv_periodica_104;Oder-Zeitung
HB-tv_periodica_105;Literarische Umschau. Wochenschrift der Badischen Presse
HB-tv_periodica_106;Život. List za unutarnju kulturu
HB-tv_periodica_107;Hochland
HB-tv_periodica_108;Wissenschaftliche Beilage. Dienstags-Beilage des Dresdner Anzeigers
HB-tv_periodica_109;Hannoverscher Kurier
HB-tv_periodica_110;Europa Magazin. Illustrierte Weltrevue für Wissen und Unterhaltung
HB-tv_periodica_111;Die Kultur. Halbmonatsschrift in Sonderheften
HB-tv_periodica_112;Essener Volks-Zeitung
HB-tv_periodica_113;Dresdner Nachrichten
HB-tv_periodica_115;Das Schatzkästlein. Unterhaltungsbeilage der »Thüringer Allgemeinen Zeitung«
HB-tv_periodica_116;Israelitisches Familienblatt
HB-tv_periodica_117;Deutsche Presse-Korrespondenz
HB-tv_periodica_118;Germania, Berlin
HB-tv_periodica_119;Sächsische Volks-Zeitung, Dresden
HB-tv_periodica_120;Neue Zürcher Zeitung
HB-tv_periodica_121;Der Bücherwurm
HB-tv_periodica_122;Das Kuckucksei. Ein kleines Blatt für Bücherfreunde und solche, die es werden sollen
HB-tv_periodica_123;Salzburger Volksblatt
HB-tv_periodica_124;Augsburger Postzeitung
HB-tv_periodica_125;Leipziger Tageblatt und Handelszeitung
HB-tv_periodica_126;Abendland. Deutsche Monatshefte für europäsiche Kultur, Politik und Wirtschaft
HB-tv_periodica_127;Die Rampe. Blätter des deutschen Schauspielhauses
HB-tv_periodica_128;Living Age
HB-tv_periodica_129;Der Lesezirkel
HB-tv_periodica_130;Unbekannte Zeitung
HB-tv_periodica_131;Deutsche Presse. Zeitschrift für die gesamten Interessen des Zeitungswesens
HB-tv_periodica_132;Das Unterhaltungsblatt der Vossischen Zeitung
HB-tv_periodica_133;Die Scholle. Blätter für Kunst und Leben in Erziehung und Unterricht
HB-tv_periodica_134;Bayerische Blätter für das Gymnasial-Schulwesen
HB-tv_periodica_135;Das gute Buch. Wegleiter zu deutschem Geistestum
HB-tv_periodica_137;Pesti Hírlap
HB-tv_periodica_138;Ost und Süd. Illustrierte Wochenschrift der Münchner Neuesten Nachrichten für das Ausland
HB-tv_periodica_139;Kazališni list
HB-tv_periodica_140;Almanach 1925. S. Fischer Verlag Berlin
HB-tv_periodica_142;Ave Maria. Dombau-Zeitschrift, Linz
HB-tv_periodica_143;Neue Leipziger Zeitung
HB-tv_periodica_144;Ost und West. Illustrierte Wochenschrift der Münchner Neuesten Nachrichten
HB-tv_periodica_145;Deutsche Allgemeine Zeitung
HB-tv_periodica_146;Deutsche Zeitung für Spanien / Revista Alemana de España
HB-tv_periodica_147;Blätter des Deutschen Theaters
HB-tv_periodica_148;La Vie des peuples. Revue synthétique de la pensée et de l’activité française et étrangères
HB-tv_periodica_149;Bergische Bühnen-Blätter
HB-tv_periodica_150;Insel-Almanach für das Jahr 1924
HB-tv_periodica_152;Gaceta de Munich
HB-tv_periodica_153;New York Times
HB-tv_periodica_154;Schlesische Volkszeitung
HB-tv_periodica_155;Hamburger Correspondent
HB-tv_periodica_156;Hochwacht. Christlichsoziales Tagblatt der Schweiz
HB-tv_periodica_157;Düsseldorfer Lokal-Zeitung
HB-tv_periodica_158;Jahrbuch des Verbandes der Vereine katholischer Akademiker zur Pflege der katholischen Weltanschauung
HB-tv_periodica_159;Dichtung und Welt. Beilage zur »Prager Presse«
HB-tv_periodica_160;Neues Montagsblatt
HB-tv_periodica_162;Neue Badische Landeszeitung, Mannheim
HB-tv_periodica_163;Wartburgland. Beilage der Eisenacher Tagespost
HB-tv_periodica_164;Tribuna
HB-tv_periodica_165;Neues Land. Führer in die Zukunft für alle Stände
HB-tv_periodica_168;Rostocker Zeitung
HB-tv_periodica_169;Weltbühne
HB-tv_periodica_170;Dresdner Anzeiger
HB-tv_periodica_171;Literaria-Almanach 1921
HB-tv_periodica_172;Bonner Anzeiger
HB-tv_periodica_173;Nürnberger Zeitung
HB-tv_periodica_174;Tilsiter Allgemeine Zeitung
HB-tv_periodica_175;Das Inselschiff. Eine Zweimonatsschrift
HB-tv_periodica_176;Die bunte Stadt
HB-tv_periodica_177;Film-Kurier
HB-tv_periodica_178;Seele. Monatsschrift im Dienste christlicher Lebensgestaltung
HB-tv_periodica_179;Der Maßstab. Blätter zur Kritik der Wiener Theaterkunst
HB-tv_periodica_180;Phaeton. Monatsschrift für Lyrik
HB-tv_periodica_181;Musikblätter des Anbruch
HB-tv_periodica_182;Katholische Kirchenzeitung, Salzburg
HB-tv_periodica_184;Berliner Mittagszeitung
HB-tv_periodica_185;Neue Hamburger Zeitung
HB-tv_periodica_186;Leipziger Neueste Nachrichten
HB-tv_periodica_187;Blätter des Operntheaters
HB-tv_periodica_188;Leipziger Zeitung und Handelsblatt für Sachsen
HB-tv_periodica_189;Amalthea-Almanach auf das Jahr 1920
HB-tv_periodica_190;Neue Erde. Kultursozialistische Halbmonatsschrift für Gesellschaftswissenschaft
HB-tv_periodica_191;Aufbau. Beiträge zur Arbeit der deutschen Bühne
HB-tv_periodica_193;Theater und Kino-Woche
HB-tv_periodica_194;Der Zwinger. Zeitschrift für Weltanschauung, Theater und Kunst
HB-tv_periodica_195;Die Flöte. Monatsschrift für neue Dichtung
HB-tv_periodica_196;Die Monarchie. Wochenschrift für Kultur, Politik und Volkswirtschaft
HB-tv_periodica_197;Donauland
HB-tv_periodica_198;Litteraturen. Nordens kritiske Revue
HB-tv_periodica_200;Amalthea-Almanach auf das Jahr 1919
HB-tv_periodica_201;Das Neue Österreich
HB-tv_periodica_202;Der Gral
HB-tv_periodica_203;Saale-Zeitung
HB-tv_periodica_204;Linzer Volksblatt
HB-tv_periodica_205;Die Kunst. Monatshefte für freie und angewandte Kunst
HB-tv_periodica_206;Narodne novine
HB-tv_periodica_208;Revue d’Autriche
HB-tv_periodica_209;Masken. Zeitschrift für deutsche Theaterkultur
HB-tv_periodica_210;Belgrader Nachrichten
HB-tv_periodica_211;National-Zeitung, Berlin
HB-tv_periodica_212;Grazer Volksblatt
HB-tv_periodica_213;Pearson’s Magazine, New York
HB-tv_periodica_214;Die Tat, Jena
HB-tv_periodica_215;Leipziger Abendzeitung und Handelsblatt für Sachsen
HB-tv_periodica_216;Zeitungs-Verlag
HB-tv_periodica_217;Stuttgarter Neues Tagblatt
HB-tv_periodica_218;Blätter für Bücherfreunde. Illustrierte periodische Übersicht über die Neuerscheinungen der Literatur
HB-tv_periodica_219;Deutsche Montags-Zeitung
HB-tv_periodica_220;Riečki novi list
HB-tv_periodica_223;Zeit-Echo. Ein Kriegstagebuch der Künstler
HB-tv_periodica_224;Heidelberger Tageblatt
HB-tv_periodica_225;Jahrbuch der Schopenhauer-Gesellschaft
HB-tv_periodica_226;Breslauer Morgen-Zeitung
HB-tv_periodica_227;Wieland
HB-tv_periodica_228;Der Kunstfreund, Berlin
HB-tv_periodica_229;Salzburger Wacht
HB-tv_periodica_230;Das Bild. Monatsschrift für photographische Bildkunst
HB-tv_periodica_231;Ostrauer Zeitung
HB-tv_periodica_232;Wiener Kunst- und Buchschau. Katalog der Buchhandlung Heller
HB-tv_periodica_233;Leipziger Tageblatt
HB-tv_periodica_234;Straßburger Post
HB-tv_periodica_235;Die Welt, Berlin
HB-tv_periodica_236;Der Beobachter. Ein Volksblatt aus Schwaben
HB-tv_periodica_237;Tägliche Rundschau
HB-tv_periodica_239;Hrvatski pokret
HB-tv_periodica_240;Das Jüdische Echo. Bayerische Blätter für die jüdischen Angelegenheiten
HB-tv_periodica_241;Frankfurter Nachrichten und Intelligenz-Blatt
HB-tv_periodica_242;Musica Divina
HB-tv_periodica_243;Berliner Morgenpost
HB-tv_periodica_244;Ostsee-Zeitung Stettin
HB-tv_periodica_245;Die Zeit im Bild. Moderne illustrierte Wochenschrift
HB-tv_periodica_246;Schlesische Zeitung
HB-tv_periodica_247;Der Jüdische Student. Monatsschrift des Bundes jüdischer Corporationen
HB-tv_periodica_248;Neue Theater-Zeitschrift
HB-tv_periodica_249;Feier-Abend. Belletristische Beilage zur National-Zeitung, Basel
HB-tv_periodica_251;Pfälzischer Kurier
HB-tv_periodica_252;Das literarische Deutsch-Österreich
HB-tv_periodica_254;Berliner Lokalanzeiger
HB-tv_periodica_255;Erste Internationale Filmzeitung
HB-tv_periodica_256;Niederrheinische Nachrichten ?
HB-tv_periodica_257;Neues Tagblatt und General-Anzeiger für Stuttgart und Württemberg
HB-tv_periodica_258;Kölnische Theater-Rundschau
HB-tv_periodica_259;Der Sozialist
HB-tv_periodica_260;Kultur-Beiträge. Arbeiten erster Autoren für Tageszeitungen, Berlin
HB-tv_periodica_261;Ton und Wort, Zeitschrift für Musik und Literatur, Salzburg
HB-tv_periodica_262;Obzor, Zagreb
HB-tv_periodica_263;Dr. Bloch’s österreichische Wochenschrift
HB-tv_periodica_264;Der Ruf. Ein Flugblatt an junge Menschen
HB-tv_periodica_265;Janus. Kritische Halbmonatsschrift für deutsche Kultur und Politik
HB-tv_periodica_266;Právo lidu
HB-tv_periodica_267;Südbahn und Lloyd. Illustrierte Monatsschrift
HB-tv_periodica_268;Hannoverscher Courier
HB-tv_periodica_269;National-Zeitung, Basel
HB-tv_periodica_270;Urania. Wochenschrift für Volksbildung
HB-tv_periodica_271;Hagener Zeitung
HB-tv_periodica_274;Neue Freie Volksbühne. Vereinsblatt für die Mitglieder
HB-tv_periodica_276;Die Heimstatt. Blätter der Unterhaltung und des Wissens
HB-tv_periodica_277;Das freie Volk. Demokratisches Wochenblatt
HB-tv_periodica_278;Divadlo
HB-tv_periodica_279;Montagsblatt aus Böhmen
HB-tv_periodica_280;Agramer Tagblatt
HB-tv_periodica_281;Deutsch-österreichische Post. Unabhängiges Fachblatt für die deutschen Postbeamten und Bediensteten Österreichs
HB-tv_periodica_282;Österreichische Bühnenvereins-Zeitung
HB-tv_periodica_283;Selbstwehr
HB-tv_periodica_285;Studentská revue
HB-tv_periodica_286;Der Föhn. Eine tirolische Halbmonatsschrift für Literatur, Kunst und Leben
HB-tv_periodica_287;Das Theater. Illustrierte Monatsschrift für die Welt der Bühne
HB-tv_periodica_288;Nord und Süd. Monatsschrift für internationale Zusammenarbeit
HB-tv_periodica_289;Jahrbuch der Freien Generation. Volkskalender und Dokumente der Weltanschauung des Sozialismus-Anarchismus
HB-tv_periodica_290;Glühlichter
HB-tv_periodica_291;Der Demokrat. Wochenschrift für freiheitliche Politik, Kunst und Wissenschaft
HB-tv_periodica_292;Národní obzor
HB-tv_periodica_293;Volkspresse. Freianschauliche, einmal wöchentlich erscheinende Zeitschrift
HB-tv_periodica_296;Heimgarten
HB-tv_periodica_297;Rhein- und Ruhrzeitung
HB-tv_periodica_298;Volné Sméry
HB-tv_periodica_299;Самоуправа (Belgrad)
HB-tv_periodica_300;Sloboda. Organ hrvatske pučke napredne stranke u Dalmaciji
HB-tv_periodica_301;Goethe-Kalender auf das Jahr 1910
HB-tv_periodica_302;Dělnická besídka. Nedělní příloha Práva lidu
HB-tv_periodica_304;Das Blaubuch. Wochenschrift für öffentliches Leben, Literatur und Kunst
HB-tv_periodica_305;Zeitschrift für Geschichte und Kulturgeschichte Österreichisch-Schlesiens
HB-tv_periodica_306;Die Fessel. Zentral-Organ für Eherechtsreform
HB-tv_periodica_307;Mitteilungen der Freien literarischen Gesellschaft in Frankfurt am Main
HB-tv_periodica_308;Österreichs Illustrierte Zeitung
HB-tv_periodica_309;Hyperion. Eine Zweimonatsschrift
HB-tv_periodica_310;Troppauer Zeitung
HB-tv_periodica_311;Jugend. Münchner illustrierte Wochenschrift für Kunst und Leben
HB-tv_periodica_312;Wiener Zeitschrift für Musik
HB-tv_periodica_313;Union früher Politik (Hauptblatt)
HB-tv_periodica_314;Alldeutsches Tagblatt
HB-tv_periodica_315;Die Opale
HB-tv_periodica_317;Neue Blätter für Literatur und Kunst
HB-tv_periodica_318;Current Literature
HB-tv_periodica_319;Die Rheinlande. Vierteljahrsschrift des Verbandes der Kunstfreunde in den Ländern am Rhein
HB-tv_periodica_320;Literární listy. Časopis věnovaný moderní kritice literární
HB-tv_periodica_321;Der Floh
HB-tv_periodica_323;Die Schönheit. Mit Bildern geschmückte Zeitschrift für Kunst und Leben
HB-tv_periodica_324;Dokumente der Frauen
HB-tv_periodica_325;Südwestdeutsche Rundschau. Halbmonatsschrift für deutsche Art und Kunst
HB-tv_periodica_326;Der Heimgarten
HB-tv_periodica_327;Divadelní listy
HB-tv_periodica_328;Wiener Zeitung
HB-tv_periodica_329;Ver Sacrum
HB-tv_periodica_330;Berlin ?
HB-tv_periodica_331;Dubrovnik
HB-tv_periodica_332;Die Welt, Wien
HB-tv_periodica_333;Rozhledy narodohospodarske, sociální, politické a literární
HB-tv_periodica_334;Samtiden
HB-tv_periodica_335;Wiener Mode
HB-tv_periodica_336;Vom Fels zum Meer
HB-tv_periodica_337;Intelligenzblatt und Berner Stadtblatt
HB-tv_periodica_338;Der Zuschauer. Monatsschrift für Kunst, Litteratur und Kritik
HB-tv_periodica_339;Neue Revue. Wiener Literatur-Zeitung
HB-tv_periodica_340;Allgemeine Theater-Revue für Bühne und Welt
HB-tv_periodica_342;Die Nation. Wochenschrift für Politik, Volkswirtschaft und Literatur
HB-tv_periodica_343;Moderne Kunst in Meister-Holzschnitten
HB-tv_periodica_344;Die Moderne
HB-tv_periodica_345;Moderne Kunst. Illustrierte Zeitschrift mit Kunstbeilagen
HB-tv_periodica_346;Die Welt. Tages-Zeitung für den Salon und die gesellschaftlichen Interessen
HB-tv_periodica_349;Réveil du Maroc
HB-tv_periodica_350;Münchner Kunst
HB-tv_periodica_352;Deutschland. Wochenschrift für Kunst und Litteratur
HB-tv_periodica_354;Deutsche Blätter, Eger
HB-tv_periodica_356;Wiener Tagblatt
HB-tv_periodica_357;Neue deutsche Warte. Blätter für deutsche Culturbestrebungen, Politik, Wissenschaft, Kunst und Unterhaltung. Berlin
HB-tv_periodica_358;Kauz. Beiblatt des »Schalk«
HB-tv_periodica_359;Deutsche Schriftsteller-Zeitung
HB-tv_periodica_360;Unverfälschte deutsche Worte
HB-tv_periodica_361;Schlesisches Morgenblatt
HB-tv_periodica_362;Deutsche Hochschule. Organ der deutschen Studentenschaft
HB-tv_periodica_363;Deutsch-österreichischer Bauernkalender für 1884
HB-tv_periodica_366;Tagesbote aus Mähren und Schlesien
HB-tv_periodica_367;The Times
